﻿<?xml version="1.0" encoding="utf-8"?>
<!-- Edited with XiRUTE .NET Library 01-08 -->
<link:linkbase xmlns:xlink="http://www.w3.org/1999/xlink" xmlns:xsi="http://www.w3.org/2001/XMLSchema-instance" xmlns:link="http://www.xbrl.org/2003/linkbase">
  <link:labelLink xlink:type="extended" xlink:role="http://www.xbrl.org/2003/role/link">
    <link:label xml:lang="en" xlink:type="resource" xlink:label="jpcrp_cor_ShareholdingRatio_label" xlink:role="http://www.xbrl.org/2003/role/label">Shareholding ratio (excluding treasury shares)</link:label>
    <link:label xml:lang="en" xlink:type="resource" xlink:label="jpcrp030000-asr_E01728-000_ChinaReportableSegmentMember_label" xlink:role="http://www.xbrl.org/2003/role/label">China</link:label>
    <link:label xml:lang="en" xlink:type="resource" xlink:label="jpcrp030000-asr_E01728-000_ChinaReportableSegmentMember_label_1" xlink:role="http://www.xbrl.org/2003/role/verboseLabel">China, Reportable segment[member]</link:label>
    <link:label xml:lang="en" xlink:type="resource" xlink:label="jpcrp030000-asr_E01728-000_DelinquentTaxNOE_label" xlink:role="http://www.xbrl.org/2003/role/label">Delinquent tax</link:label>
    <link:label xml:lang="en" xlink:type="resource" xlink:label="jpcrp030000-asr_E01728-000_DelinquentTaxNOE_label_1" xlink:role="http://www.xbrl.org/2003/role/verboseLabel">Delinquent tax-NOE</link:label>
    <link:label xml:lang="en" xlink:type="resource" xlink:label="jpcrp030000-asr_E01728-000_DescriptionOfFactThatDisclosureIsOmittedDueToLackOfMaterialityNotesAssetRetirementObligationsConsolidatedFinancialStatementsTextBlock_label" xlink:role="http://www.xbrl.org/2003/role/label">Description of fact that disclosure is omitted due to lack of materiality</link:label>
    <link:label xml:lang="en" xlink:type="resource" xlink:label="jpcrp030000-asr_E01728-000_DescriptionOfFactThatDisclosureIsOmittedDueToLackOfMaterialityNotesAssetRetirementObligationsConsolidatedFinancialStatementsTextBlock_label_1" xlink:role="http://www.xbrl.org/2003/role/verboseLabel">Description of fact that disclosure is omitted due to lack of materiality, Notes - Asset retirement obligations, Consolidated financial statements[text block]</link:label>
    <link:label xml:lang="en" xlink:type="resource" xlink:label="jpcrp030000-asr_E01728-000_DisclosureAboutApplicationOfEquityMethodNATextBlock_label" xlink:role="http://www.xbrl.org/2003/role/label">Disclosure about application of equity method (N/A)</link:label>
    <link:label xml:lang="en" xlink:type="resource" xlink:label="jpcrp030000-asr_E01728-000_DisclosureAboutApplicationOfEquityMethodNATextBlock_label_1" xlink:role="http://www.xbrl.org/2003/role/verboseLabel">Disclosure about application of equity method (N/A)[text block]</link:label>
    <link:label xml:lang="en" xlink:type="resource" xlink:label="jpcrp030000-asr_E01728-000_JapanReportableSegmentsMember_label" xlink:role="http://www.xbrl.org/2003/role/label">Japan</link:label>
    <link:label xml:lang="en" xlink:type="resource" xlink:label="jpcrp030000-asr_E01728-000_JapanReportableSegmentsMember_label_1" xlink:role="http://www.xbrl.org/2003/role/verboseLabel">Japan, Reportable segments[member]</link:label>
    <link:label xml:lang="en" xlink:type="resource" xlink:label="jpcrp030000-asr_E01728-000_KoreaReportableSegmentsMember_label" xlink:role="http://www.xbrl.org/2003/role/label">Korea</link:label>
    <link:label xml:lang="en" xlink:type="resource" xlink:label="jpcrp030000-asr_E01728-000_KoreaReportableSegmentsMember_label_1" xlink:role="http://www.xbrl.org/2003/role/verboseLabel">Korea, Reportable segments[member]</link:label>
    <link:label xml:lang="en" xlink:type="resource" xlink:label="jpcrp030000-asr_E01728-000_ManagementAnalysisOfFinancialPositionOperatingResultsAndCashFlowsHeading_label" xlink:role="http://www.xbrl.org/2003/role/label">Management analysis of financial position, operating results and cash flows</link:label>
    <link:label xml:lang="en" xlink:type="resource" xlink:label="jpcrp030000-asr_E01728-000_ManagementAnalysisOfFinancialPositionOperatingResultsAndCashFlowsHeading_label_1" xlink:role="http://www.xbrl.org/2003/role/verboseLabel">Management analysis of financial position, operating results and cash flows [heading]</link:label>
    <link:label xml:lang="en" xlink:type="resource" xlink:label="jpcrp030000-asr_E01728-000_ManagementAnalysisOfFinancialPositionOperatingResultsAndCashFlowsTextBlock_label" xlink:role="http://www.xbrl.org/2003/role/label">Management analysis of financial position, operating results and cash flows</link:label>
    <link:label xml:lang="en" xlink:type="resource" xlink:label="jpcrp030000-asr_E01728-000_ManagementAnalysisOfFinancialPositionOperatingResultsAndCashFlowsTextBlock_label_1" xlink:role="http://www.xbrl.org/2003/role/verboseLabel">Management analysis of financial position, operating results and cash flows [text block]</link:label>
    <link:label xml:lang="en" xlink:type="resource" xlink:label="jpcrp030000-asr_E01728-000_NamesOfMajorUnconsolidatedSubsidiariesAndReasonsForExclusionFromScopeOfConsolidationNATextBlock_label" xlink:role="http://www.xbrl.org/2003/role/label">Names of major unconsolidated subsidiaries and reasons for exclusion from scope of consolidation (N/A)</link:label>
    <link:label xml:lang="en" xlink:type="resource" xlink:label="jpcrp030000-asr_E01728-000_NamesOfMajorUnconsolidatedSubsidiariesAndReasonsForExclusionFromScopeOfConsolidationNATextBlock_label_1" xlink:role="http://www.xbrl.org/2003/role/verboseLabel">Names of major unconsolidated subsidiaries and reasons for exclusion from scope of consolidation (N/A)[text block]</link:label>
    <link:label xml:lang="en" xlink:type="resource" xlink:label="jpcrp030000-asr_E01728-000_NotesRegardingTransferToOtherAccountTextBlock_label" xlink:role="http://www.xbrl.org/2003/role/label">Notes regarding transfer to other account</link:label>
    <link:label xml:lang="en" xlink:type="resource" xlink:label="jpcrp030000-asr_E01728-000_NotesRegardingTransferToOtherAccountTextBlock_label_1" xlink:role="http://www.xbrl.org/2003/role/verboseLabel">Notes regarding transfer to other account[text block]</link:label>
    <link:label xml:lang="en" xlink:type="resource" xlink:label="jpcrp030000-asr_E01728-000_OtherInformationAboutShareAcquisitionRightsHeading_label" xlink:role="http://www.xbrl.org/2003/role/label">Other information about share acquisition rights</link:label>
    <link:label xml:lang="en" xlink:type="resource" xlink:label="jpcrp030000-asr_E01728-000_OtherInformationAboutShareAcquisitionRightsHeading_label_1" xlink:role="http://www.xbrl.org/2003/role/verboseLabel">Other information about share acquisition rights [heading]</link:label>
    <link:label xml:lang="en" xlink:type="resource" xlink:label="jpcrp030000-asr_E01728-000_OtherInformationAboutShareAcquisitionRightsTextBlock_label" xlink:role="http://www.xbrl.org/2003/role/label">Other information about share acquisition rights</link:label>
    <link:label xml:lang="en" xlink:type="resource" xlink:label="jpcrp030000-asr_E01728-000_OtherInformationAboutShareAcquisitionRightsTextBlock_label_1" xlink:role="http://www.xbrl.org/2003/role/verboseLabel">Other information about share acquisition rights [text block]</link:label>
    <link:label xml:lang="en" xlink:type="resource" xlink:label="jpcrp030000-asr_E01728-000_PayrollsAndAllowancesSGA_label" xlink:role="http://www.xbrl.org/2003/role/label">Payrolls and allowances</link:label>
    <link:label xml:lang="en" xlink:type="resource" xlink:label="jpcrp030000-asr_E01728-000_PayrollsAndAllowancesSGA_label_1" xlink:role="http://www.xbrl.org/2003/role/verboseLabel">Payrolls and allowances-SGA</link:label>
    <link:label xml:lang="en" xlink:type="resource" xlink:label="jpcrp030000-asr_E01728-000_ProceedsFromDisposalOfTreasurySharesResultingFromExerciseOfSubscriptionRightsToSharesFinCF_label" xlink:role="http://www.xbrl.org/2003/role/label">Proceeds from disposal of treasury shares resulting from exercise of subscription rights to shares</link:label>
    <link:label xml:lang="en" xlink:type="resource" xlink:label="jpcrp030000-asr_E01728-000_ProceedsFromDisposalOfTreasurySharesResultingFromExerciseOfSubscriptionRightsToSharesFinCF_label_1" xlink:role="http://www.xbrl.org/2003/role/verboseLabel">Proceeds from disposal of treasury shares resulting from exercise of subscription rights to shares-FinCF</link:label>
    <link:loc xlink:type="locator" xlink:href="http://disclosure.edinet-fsa.go.jp/taxonomy/jpcrp/2018-02-28/jpcrp_cor_2018-02-28.xsd#jpcrp_cor_ShareholdingRatio" xlink:label="jpcrp_cor_ShareholdingRatio" />
    <link:loc xlink:type="locator" xlink:href="http://disclosure.edinet-fsa.go.jp/taxonomy/jpcrp/2018-02-28/label/jpcrp_2018-02-28_lab-en.xml#label_ShareholdingRatio" xlink:label="label_ShareholdingRatio" />
    <link:loc xlink:type="locator" xlink:href="jpcrp030000-asr-001_E01728-000_2018-12-31_01_2019-03-25.xsd#jpcrp030000-asr_E01728-000_ChinaReportableSegmentMember" xlink:label="jpcrp030000-asr_E01728-000_ChinaReportableSegmentMember" />
    <link:loc xlink:type="locator" xlink:href="jpcrp030000-asr-001_E01728-000_2018-12-31_01_2019-03-25.xsd#jpcrp030000-asr_E01728-000_DelinquentTaxNOE" xlink:label="jpcrp030000-asr_E01728-000_DelinquentTaxNOE" />
    <link:loc xlink:type="locator" xlink:href="jpcrp030000-asr-001_E01728-000_2018-12-31_01_2019-03-25.xsd#jpcrp030000-asr_E01728-000_DescriptionOfFactThatDisclosureIsOmittedDueToLackOfMaterialityNotesAssetRetirementObligationsConsolidatedFinancialStatementsTextBlock" xlink:label="jpcrp030000-asr_E01728-000_DescriptionOfFactThatDisclosureIsOmittedDueToLackOfMaterialityNotesAssetRetirementObligationsConsolidatedFinancialStatementsTextBlock" />
    <link:loc xlink:type="locator" xlink:href="jpcrp030000-asr-001_E01728-000_2018-12-31_01_2019-03-25.xsd#jpcrp030000-asr_E01728-000_DisclosureAboutApplicationOfEquityMethodNATextBlock" xlink:label="jpcrp030000-asr_E01728-000_DisclosureAboutApplicationOfEquityMethodNATextBlock" />
    <link:loc xlink:type="locator" xlink:href="jpcrp030000-asr-001_E01728-000_2018-12-31_01_2019-03-25.xsd#jpcrp030000-asr_E01728-000_JapanReportableSegmentsMember" xlink:label="jpcrp030000-asr_E01728-000_JapanReportableSegmentsMember" />
    <link:loc xlink:type="locator" xlink:href="jpcrp030000-asr-001_E01728-000_2018-12-31_01_2019-03-25.xsd#jpcrp030000-asr_E01728-000_KoreaReportableSegmentsMember" xlink:label="jpcrp030000-asr_E01728-000_KoreaReportableSegmentsMember" />
    <link:loc xlink:type="locator" xlink:href="jpcrp030000-asr-001_E01728-000_2018-12-31_01_2019-03-25.xsd#jpcrp030000-asr_E01728-000_ManagementAnalysisOfFinancialPositionOperatingResultsAndCashFlowsHeading" xlink:label="jpcrp030000-asr_E01728-000_ManagementAnalysisOfFinancialPositionOperatingResultsAndCashFlowsHeading" />
    <link:loc xlink:type="locator" xlink:href="jpcrp030000-asr-001_E01728-000_2018-12-31_01_2019-03-25.xsd#jpcrp030000-asr_E01728-000_ManagementAnalysisOfFinancialPositionOperatingResultsAndCashFlowsTextBlock" xlink:label="jpcrp030000-asr_E01728-000_ManagementAnalysisOfFinancialPositionOperatingResultsAndCashFlowsTextBlock" />
    <link:loc xlink:type="locator" xlink:href="jpcrp030000-asr-001_E01728-000_2018-12-31_01_2019-03-25.xsd#jpcrp030000-asr_E01728-000_NamesOfMajorUnconsolidatedSubsidiariesAndReasonsForExclusionFromScopeOfConsolidationNATextBlock" xlink:label="jpcrp030000-asr_E01728-000_NamesOfMajorUnconsolidatedSubsidiariesAndReasonsForExclusionFromScopeOfConsolidationNATextBlock" />
    <link:loc xlink:type="locator" xlink:href="jpcrp030000-asr-001_E01728-000_2018-12-31_01_2019-03-25.xsd#jpcrp030000-asr_E01728-000_NotesRegardingTransferToOtherAccountTextBlock" xlink:label="jpcrp030000-asr_E01728-000_NotesRegardingTransferToOtherAccountTextBlock" />
    <link:loc xlink:type="locator" xlink:href="jpcrp030000-asr-001_E01728-000_2018-12-31_01_2019-03-25.xsd#jpcrp030000-asr_E01728-000_OtherInformationAboutShareAcquisitionRightsHeading" xlink:label="jpcrp030000-asr_E01728-000_OtherInformationAboutShareAcquisitionRightsHeading" />
    <link:loc xlink:type="locator" xlink:href="jpcrp030000-asr-001_E01728-000_2018-12-31_01_2019-03-25.xsd#jpcrp030000-asr_E01728-000_OtherInformationAboutShareAcquisitionRightsTextBlock" xlink:label="jpcrp030000-asr_E01728-000_OtherInformationAboutShareAcquisitionRightsTextBlock" />
    <link:loc xlink:type="locator" xlink:href="jpcrp030000-asr-001_E01728-000_2018-12-31_01_2019-03-25.xsd#jpcrp030000-asr_E01728-000_PayrollsAndAllowancesSGA" xlink:label="jpcrp030000-asr_E01728-000_PayrollsAndAllowancesSGA" />
    <link:loc xlink:type="locator" xlink:href="jpcrp030000-asr-001_E01728-000_2018-12-31_01_2019-03-25.xsd#jpcrp030000-asr_E01728-000_ProceedsFromDisposalOfTreasurySharesResultingFromExerciseOfSubscriptionRightsToSharesFinCF" xlink:label="jpcrp030000-asr_E01728-000_ProceedsFromDisposalOfTreasurySharesResultingFromExerciseOfSubscriptionRightsToSharesFinCF" />
    <link:labelArc xlink:type="arc" xlink:from="jpcrp_cor_ShareholdingRatio" xlink:to="jpcrp_cor_ShareholdingRatio_label" xlink:arcrole="http://www.xbrl.org/2003/arcrole/concept-label" order="1" />
    <link:labelArc xlink:type="arc" xlink:from="jpcrp_cor_ShareholdingRatio" xlink:to="label_ShareholdingRatio" xlink:arcrole="http://www.xbrl.org/2003/arcrole/concept-label" use="prohibited" priority="1" order="1" />
    <link:labelArc xlink:type="arc" xlink:from="jpcrp030000-asr_E01728-000_ChinaReportableSegmentMember" xlink:to="jpcrp030000-asr_E01728-000_ChinaReportableSegmentMember_label_1" xlink:arcrole="http://www.xbrl.org/2003/arcrole/concept-label" order="1" />
    <link:labelArc xlink:type="arc" xlink:from="jpcrp030000-asr_E01728-000_ChinaReportableSegmentMember" xlink:to="jpcrp030000-asr_E01728-000_ChinaReportableSegmentMember_label" xlink:arcrole="http://www.xbrl.org/2003/arcrole/concept-label" order="1" />
    <link:labelArc xlink:type="arc" xlink:from="jpcrp030000-asr_E01728-000_DelinquentTaxNOE" xlink:to="jpcrp030000-asr_E01728-000_DelinquentTaxNOE_label_1" xlink:arcrole="http://www.xbrl.org/2003/arcrole/concept-label" order="1" />
    <link:labelArc xlink:type="arc" xlink:from="jpcrp030000-asr_E01728-000_DelinquentTaxNOE" xlink:to="jpcrp030000-asr_E01728-000_DelinquentTaxNOE_label" xlink:arcrole="http://www.xbrl.org/2003/arcrole/concept-label" order="1" />
    <link:labelArc xlink:type="arc" xlink:from="jpcrp030000-asr_E01728-000_DescriptionOfFactThatDisclosureIsOmittedDueToLackOfMaterialityNotesAssetRetirementObligationsConsolidatedFinancialStatementsTextBlock" xlink:to="jpcrp030000-asr_E01728-000_DescriptionOfFactThatDisclosureIsOmittedDueToLackOfMaterialityNotesAssetRetirementObligationsConsolidatedFinancialStatementsTextBlock_label_1" xlink:arcrole="http://www.xbrl.org/2003/arcrole/concept-label" order="1" />
    <link:labelArc xlink:type="arc" xlink:from="jpcrp030000-asr_E01728-000_DescriptionOfFactThatDisclosureIsOmittedDueToLackOfMaterialityNotesAssetRetirementObligationsConsolidatedFinancialStatementsTextBlock" xlink:to="jpcrp030000-asr_E01728-000_DescriptionOfFactThatDisclosureIsOmittedDueToLackOfMaterialityNotesAssetRetirementObligationsConsolidatedFinancialStatementsTextBlock_label" xlink:arcrole="http://www.xbrl.org/2003/arcrole/concept-label" order="1" />
    <link:labelArc xlink:type="arc" xlink:from="jpcrp030000-asr_E01728-000_DisclosureAboutApplicationOfEquityMethodNATextBlock" xlink:to="jpcrp030000-asr_E01728-000_DisclosureAboutApplicationOfEquityMethodNATextBlock_label_1" xlink:arcrole="http://www.xbrl.org/2003/arcrole/concept-label" order="1" />
    <link:labelArc xlink:type="arc" xlink:from="jpcrp030000-asr_E01728-000_DisclosureAboutApplicationOfEquityMethodNATextBlock" xlink:to="jpcrp030000-asr_E01728-000_DisclosureAboutApplicationOfEquityMethodNATextBlock_label" xlink:arcrole="http://www.xbrl.org/2003/arcrole/concept-label" order="1" />
    <link:labelArc xlink:type="arc" xlink:from="jpcrp030000-asr_E01728-000_JapanReportableSegmentsMember" xlink:to="jpcrp030000-asr_E01728-000_JapanReportableSegmentsMember_label_1" xlink:arcrole="http://www.xbrl.org/2003/arcrole/concept-label" order="1" />
    <link:labelArc xlink:type="arc" xlink:from="jpcrp030000-asr_E01728-000_JapanReportableSegmentsMember" xlink:to="jpcrp030000-asr_E01728-000_JapanReportableSegmentsMember_label" xlink:arcrole="http://www.xbrl.org/2003/arcrole/concept-label" order="1" />
    <link:labelArc xlink:type="arc" xlink:from="jpcrp030000-asr_E01728-000_KoreaReportableSegmentsMember" xlink:to="jpcrp030000-asr_E01728-000_KoreaReportableSegmentsMember_label_1" xlink:arcrole="http://www.xbrl.org/2003/arcrole/concept-label" order="1" />
    <link:labelArc xlink:type="arc" xlink:from="jpcrp030000-asr_E01728-000_KoreaReportableSegmentsMember" xlink:to="jpcrp030000-asr_E01728-000_KoreaReportableSegmentsMember_label" xlink:arcrole="http://www.xbrl.org/2003/arcrole/concept-label" order="1" />
    <link:labelArc xlink:type="arc" xlink:from="jpcrp030000-asr_E01728-000_ManagementAnalysisOfFinancialPositionOperatingResultsAndCashFlowsHeading" xlink:to="jpcrp030000-asr_E01728-000_ManagementAnalysisOfFinancialPositionOperatingResultsAndCashFlowsHeading_label_1" xlink:arcrole="http://www.xbrl.org/2003/arcrole/concept-label" order="1" />
    <link:labelArc xlink:type="arc" xlink:from="jpcrp030000-asr_E01728-000_ManagementAnalysisOfFinancialPositionOperatingResultsAndCashFlowsHeading" xlink:to="jpcrp030000-asr_E01728-000_ManagementAnalysisOfFinancialPositionOperatingResultsAndCashFlowsHeading_label" xlink:arcrole="http://www.xbrl.org/2003/arcrole/concept-label" order="1" />
    <link:labelArc xlink:type="arc" xlink:from="jpcrp030000-asr_E01728-000_ManagementAnalysisOfFinancialPositionOperatingResultsAndCashFlowsTextBlock" xlink:to="jpcrp030000-asr_E01728-000_ManagementAnalysisOfFinancialPositionOperatingResultsAndCashFlowsTextBlock_label_1" xlink:arcrole="http://www.xbrl.org/2003/arcrole/concept-label" order="1" />
    <link:labelArc xlink:type="arc" xlink:from="jpcrp030000-asr_E01728-000_ManagementAnalysisOfFinancialPositionOperatingResultsAndCashFlowsTextBlock" xlink:to="jpcrp030000-asr_E01728-000_ManagementAnalysisOfFinancialPositionOperatingResultsAndCashFlowsTextBlock_label" xlink:arcrole="http://www.xbrl.org/2003/arcrole/concept-label" order="1" />
    <link:labelArc xlink:type="arc" xlink:from="jpcrp030000-asr_E01728-000_NamesOfMajorUnconsolidatedSubsidiariesAndReasonsForExclusionFromScopeOfConsolidationNATextBlock" xlink:to="jpcrp030000-asr_E01728-000_NamesOfMajorUnconsolidatedSubsidiariesAndReasonsForExclusionFromScopeOfConsolidationNATextBlock_label_1" xlink:arcrole="http://www.xbrl.org/2003/arcrole/concept-label" order="1" />
    <link:labelArc xlink:type="arc" xlink:from="jpcrp030000-asr_E01728-000_NamesOfMajorUnconsolidatedSubsidiariesAndReasonsForExclusionFromScopeOfConsolidationNATextBlock" xlink:to="jpcrp030000-asr_E01728-000_NamesOfMajorUnconsolidatedSubsidiariesAndReasonsForExclusionFromScopeOfConsolidationNATextBlock_label" xlink:arcrole="http://www.xbrl.org/2003/arcrole/concept-label" order="1" />
    <link:labelArc xlink:type="arc" xlink:from="jpcrp030000-asr_E01728-000_NotesRegardingTransferToOtherAccountTextBlock" xlink:to="jpcrp030000-asr_E01728-000_NotesRegardingTransferToOtherAccountTextBlock_label_1" xlink:arcrole="http://www.xbrl.org/2003/arcrole/concept-label" order="1" />
    <link:labelArc xlink:type="arc" xlink:from="jpcrp030000-asr_E01728-000_NotesRegardingTransferToOtherAccountTextBlock" xlink:to="jpcrp030000-asr_E01728-000_NotesRegardingTransferToOtherAccountTextBlock_label" xlink:arcrole="http://www.xbrl.org/2003/arcrole/concept-label" order="1" />
    <link:labelArc xlink:type="arc" xlink:from="jpcrp030000-asr_E01728-000_OtherInformationAboutShareAcquisitionRightsHeading" xlink:to="jpcrp030000-asr_E01728-000_OtherInformationAboutShareAcquisitionRightsHeading_label_1" xlink:arcrole="http://www.xbrl.org/2003/arcrole/concept-label" order="1" />
    <link:labelArc xlink:type="arc" xlink:from="jpcrp030000-asr_E01728-000_OtherInformationAboutShareAcquisitionRightsHeading" xlink:to="jpcrp030000-asr_E01728-000_OtherInformationAboutShareAcquisitionRightsHeading_label" xlink:arcrole="http://www.xbrl.org/2003/arcrole/concept-label" order="1" />
    <link:labelArc xlink:type="arc" xlink:from="jpcrp030000-asr_E01728-000_OtherInformationAboutShareAcquisitionRightsTextBlock" xlink:to="jpcrp030000-asr_E01728-000_OtherInformationAboutShareAcquisitionRightsTextBlock_label_1" xlink:arcrole="http://www.xbrl.org/2003/arcrole/concept-label" order="1" />
    <link:labelArc xlink:type="arc" xlink:from="jpcrp030000-asr_E01728-000_OtherInformationAboutShareAcquisitionRightsTextBlock" xlink:to="jpcrp030000-asr_E01728-000_OtherInformationAboutShareAcquisitionRightsTextBlock_label" xlink:arcrole="http://www.xbrl.org/2003/arcrole/concept-label" order="1" />
    <link:labelArc xlink:type="arc" xlink:from="jpcrp030000-asr_E01728-000_PayrollsAndAllowancesSGA" xlink:to="jpcrp030000-asr_E01728-000_PayrollsAndAllowancesSGA_label_1" xlink:arcrole="http://www.xbrl.org/2003/arcrole/concept-label" order="1" />
    <link:labelArc xlink:type="arc" xlink:from="jpcrp030000-asr_E01728-000_PayrollsAndAllowancesSGA" xlink:to="jpcrp030000-asr_E01728-000_PayrollsAndAllowancesSGA_label" xlink:arcrole="http://www.xbrl.org/2003/arcrole/concept-label" order="1" />
    <link:labelArc xlink:type="arc" xlink:from="jpcrp030000-asr_E01728-000_ProceedsFromDisposalOfTreasurySharesResultingFromExerciseOfSubscriptionRightsToSharesFinCF" xlink:to="jpcrp030000-asr_E01728-000_ProceedsFromDisposalOfTreasurySharesResultingFromExerciseOfSubscriptionRightsToSharesFinCF_label_1" xlink:arcrole="http://www.xbrl.org/2003/arcrole/concept-label" order="1" />
    <link:labelArc xlink:type="arc" xlink:from="jpcrp030000-asr_E01728-000_ProceedsFromDisposalOfTreasurySharesResultingFromExerciseOfSubscriptionRightsToSharesFinCF" xlink:to="jpcrp030000-asr_E01728-000_ProceedsFromDisposalOfTreasurySharesResultingFromExerciseOfSubscriptionRightsToSharesFinCF_label" xlink:arcrole="http://www.xbrl.org/2003/arcrole/concept-label" order="1" />
  </link:labelLink>
</link:linkbase>