﻿<?xml version="1.0" encoding="utf-8"?>
<!-- Edited with XiRUTE .NET Library 01-08 -->
<link:linkbase xmlns:xlink="http://www.w3.org/1999/xlink" xmlns:xsi="http://www.w3.org/2001/XMLSchema-instance" xmlns:link="http://www.xbrl.org/2003/linkbase">
  <link:labelLink xlink:type="extended" xlink:role="http://www.xbrl.org/2003/role/link">
    <link:label xml:lang="ja" xlink:type="resource" xlink:label="jpcrp_cor_ShareholdingRatio_label" xlink:role="http://www.xbrl.org/2003/role/label">発行済株式（自己株式を除く。）の総数に対する所有株式数の割合</link:label>
    <link:label xml:lang="ja" xlink:type="resource" xlink:label="jpcrp030000-asr_E01728-000_ChinaReportableSegmentMember_label" xlink:role="http://www.xbrl.org/2003/role/label">中国</link:label>
    <link:label xml:lang="ja" xlink:type="resource" xlink:label="jpcrp030000-asr_E01728-000_ChinaReportableSegmentMember_label_1" xlink:role="http://www.xbrl.org/2003/role/verboseLabel">中国、報告セグメント[メンバー]</link:label>
    <link:label xml:lang="ja" xlink:type="resource" xlink:label="jpcrp030000-asr_E01728-000_DelinquentTaxNOE_label" xlink:role="http://www.xbrl.org/2003/role/label">延滞税等</link:label>
    <link:label xml:lang="ja" xlink:type="resource" xlink:label="jpcrp030000-asr_E01728-000_DelinquentTaxNOE_label_1" xlink:role="http://www.xbrl.org/2003/role/verboseLabel">延滞税等、営業外費用</link:label>
    <link:label xml:lang="ja" xlink:type="resource" xlink:label="jpcrp030000-asr_E01728-000_DescriptionOfFactThatDisclosureIsOmittedDueToLackOfMaterialityNotesAssetRetirementObligationsConsolidatedFinancialStatementsTextBlock_label" xlink:role="http://www.xbrl.org/2003/role/label">重要性が乏しいため省略している旨</link:label>
    <link:label xml:lang="ja" xlink:type="resource" xlink:label="jpcrp030000-asr_E01728-000_DescriptionOfFactThatDisclosureIsOmittedDueToLackOfMaterialityNotesAssetRetirementObligationsConsolidatedFinancialStatementsTextBlock_label_1" xlink:role="http://www.xbrl.org/2003/role/verboseLabel">重要性が乏しいため省略している旨、資産除去債務関係、連結財務諸表 [テキストブロック]</link:label>
    <link:label xml:lang="ja" xlink:type="resource" xlink:label="jpcrp030000-asr_E01728-000_DisclosureAboutApplicationOfEquityMethodNATextBlock_label" xlink:role="http://www.xbrl.org/2003/role/label">持分法の適用に関する事項（該当なし）</link:label>
    <link:label xml:lang="ja" xlink:type="resource" xlink:label="jpcrp030000-asr_E01728-000_DisclosureAboutApplicationOfEquityMethodNATextBlock_label_1" xlink:role="http://www.xbrl.org/2003/role/verboseLabel">持分法の適用に関する事項（該当なし）[テキストブロック]</link:label>
    <link:label xml:lang="ja" xlink:type="resource" xlink:label="jpcrp030000-asr_E01728-000_JapanReportableSegmentsMember_label" xlink:role="http://www.xbrl.org/2003/role/label">日本</link:label>
    <link:label xml:lang="ja" xlink:type="resource" xlink:label="jpcrp030000-asr_E01728-000_JapanReportableSegmentsMember_label_1" xlink:role="http://www.xbrl.org/2003/role/verboseLabel">日本、報告セグメント[メンバー]</link:label>
    <link:label xml:lang="ja" xlink:type="resource" xlink:label="jpcrp030000-asr_E01728-000_KoreaReportableSegmentsMember_label" xlink:role="http://www.xbrl.org/2003/role/label">韓国</link:label>
    <link:label xml:lang="ja" xlink:type="resource" xlink:label="jpcrp030000-asr_E01728-000_KoreaReportableSegmentsMember_label_1" xlink:role="http://www.xbrl.org/2003/role/verboseLabel">韓国、報告セグメント[メンバー]</link:label>
    <link:label xml:lang="ja" xlink:type="resource" xlink:label="jpcrp030000-asr_E01728-000_ManagementAnalysisOfFinancialPositionOperatingResultsAndCashFlowsHeading_label" xlink:role="http://www.xbrl.org/2003/role/label">経営者による財政状態、経営成績及びキャッシュ・フローの状況の分析</link:label>
    <link:label xml:lang="ja" xlink:type="resource" xlink:label="jpcrp030000-asr_E01728-000_ManagementAnalysisOfFinancialPositionOperatingResultsAndCashFlowsHeading_label_1" xlink:role="http://www.xbrl.org/2003/role/verboseLabel">経営者による財政状態、経営成績及びキャッシュ・フローの状況の分析 [目次項目]</link:label>
    <link:label xml:lang="ja" xlink:type="resource" xlink:label="jpcrp030000-asr_E01728-000_ManagementAnalysisOfFinancialPositionOperatingResultsAndCashFlowsTextBlock_label" xlink:role="http://www.xbrl.org/2003/role/label">経営者による財政状態、経営成績及びキャッシュ・フローの状況の分析</link:label>
    <link:label xml:lang="ja" xlink:type="resource" xlink:label="jpcrp030000-asr_E01728-000_ManagementAnalysisOfFinancialPositionOperatingResultsAndCashFlowsTextBlock_label_1" xlink:role="http://www.xbrl.org/2003/role/verboseLabel">経営者による財政状態、経営成績及びキャッシュ・フローの状況の分析 [テキストブロック]</link:label>
    <link:label xml:lang="ja" xlink:type="resource" xlink:label="jpcrp030000-asr_E01728-000_NamesOfMajorUnconsolidatedSubsidiariesAndReasonsForExclusionFromScopeOfConsolidationNATextBlock_label" xlink:role="http://www.xbrl.org/2003/role/label">主要な非連結子会社の名称及び連結の範囲から除いた理由（該当なし）</link:label>
    <link:label xml:lang="ja" xlink:type="resource" xlink:label="jpcrp030000-asr_E01728-000_NamesOfMajorUnconsolidatedSubsidiariesAndReasonsForExclusionFromScopeOfConsolidationNATextBlock_label_1" xlink:role="http://www.xbrl.org/2003/role/verboseLabel">主要な非連結子会社の名称及び連結の範囲から除いた理由（該当なし）[テキストブロック]</link:label>
    <link:label xml:lang="ja" xlink:type="resource" xlink:label="jpcrp030000-asr_E01728-000_NotesRegardingTransferToOtherAccountTextBlock_label" xlink:role="http://www.xbrl.org/2003/role/label">他勘定振替高に関する注記</link:label>
    <link:label xml:lang="ja" xlink:type="resource" xlink:label="jpcrp030000-asr_E01728-000_NotesRegardingTransferToOtherAccountTextBlock_label_1" xlink:role="http://www.xbrl.org/2003/role/verboseLabel">他勘定振替高に関する注記[テキストブロック]</link:label>
    <link:label xml:lang="ja" xlink:type="resource" xlink:label="jpcrp030000-asr_E01728-000_OtherInformationAboutShareAcquisitionRightsHeading_label" xlink:role="http://www.xbrl.org/2003/role/label">その他の新株予約権等の状況</link:label>
    <link:label xml:lang="ja" xlink:type="resource" xlink:label="jpcrp030000-asr_E01728-000_OtherInformationAboutShareAcquisitionRightsHeading_label_1" xlink:role="http://www.xbrl.org/2003/role/verboseLabel">その他の新株予約権等の状況 [目次項目]</link:label>
    <link:label xml:lang="ja" xlink:type="resource" xlink:label="jpcrp030000-asr_E01728-000_OtherInformationAboutShareAcquisitionRightsTextBlock_label" xlink:role="http://www.xbrl.org/2003/role/label">その他の新株予約権等の状況</link:label>
    <link:label xml:lang="ja" xlink:type="resource" xlink:label="jpcrp030000-asr_E01728-000_OtherInformationAboutShareAcquisitionRightsTextBlock_label_1" xlink:role="http://www.xbrl.org/2003/role/verboseLabel">その他の新株予約権等の状況 [テキストブロック]</link:label>
    <link:label xml:lang="ja" xlink:type="resource" xlink:label="jpcrp030000-asr_E01728-000_PayrollsAndAllowancesSGA_label" xlink:role="http://www.xbrl.org/2003/role/label">給与手当</link:label>
    <link:label xml:lang="ja" xlink:type="resource" xlink:label="jpcrp030000-asr_E01728-000_PayrollsAndAllowancesSGA_label_1" xlink:role="http://www.xbrl.org/2003/role/verboseLabel">給与手当、販売費及び一般管理費</link:label>
    <link:label xml:lang="ja" xlink:type="resource" xlink:label="jpcrp030000-asr_E01728-000_ProceedsFromDisposalOfTreasurySharesResultingFromExerciseOfSubscriptionRightsToSharesFinCF_label" xlink:role="http://www.xbrl.org/2003/role/label">新株予約権の行使による自己株式の処分による収入</link:label>
    <link:label xml:lang="ja" xlink:type="resource" xlink:label="jpcrp030000-asr_E01728-000_ProceedsFromDisposalOfTreasurySharesResultingFromExerciseOfSubscriptionRightsToSharesFinCF_label_1" xlink:role="http://www.xbrl.org/2003/role/verboseLabel">新株予約権の行使による自己株式の処分による収入、財務活動によるキャッシュ・フロー</link:label>
    <link:loc xlink:type="locator" xlink:href="http://disclosure.edinet-fsa.go.jp/taxonomy/jpcrp/2018-02-28/jpcrp_cor_2018-02-28.xsd#jpcrp_cor_ShareholdingRatio" xlink:label="jpcrp_cor_ShareholdingRatio" />
    <link:loc xlink:type="locator" xlink:href="http://disclosure.edinet-fsa.go.jp/taxonomy/jpcrp/2018-02-28/label/jpcrp_2018-02-28_lab.xml#label_ShareholdingRatio" xlink:label="label_ShareholdingRatio" />
    <link:loc xlink:type="locator" xlink:href="jpcrp030000-asr-001_E01728-000_2018-12-31_01_2019-03-25.xsd#jpcrp030000-asr_E01728-000_ChinaReportableSegmentMember" xlink:label="jpcrp030000-asr_E01728-000_ChinaReportableSegmentMember" />
    <link:loc xlink:type="locator" xlink:href="jpcrp030000-asr-001_E01728-000_2018-12-31_01_2019-03-25.xsd#jpcrp030000-asr_E01728-000_DelinquentTaxNOE" xlink:label="jpcrp030000-asr_E01728-000_DelinquentTaxNOE" />
    <link:loc xlink:type="locator" xlink:href="jpcrp030000-asr-001_E01728-000_2018-12-31_01_2019-03-25.xsd#jpcrp030000-asr_E01728-000_DescriptionOfFactThatDisclosureIsOmittedDueToLackOfMaterialityNotesAssetRetirementObligationsConsolidatedFinancialStatementsTextBlock" xlink:label="jpcrp030000-asr_E01728-000_DescriptionOfFactThatDisclosureIsOmittedDueToLackOfMaterialityNotesAssetRetirementObligationsConsolidatedFinancialStatementsTextBlock" />
    <link:loc xlink:type="locator" xlink:href="jpcrp030000-asr-001_E01728-000_2018-12-31_01_2019-03-25.xsd#jpcrp030000-asr_E01728-000_DisclosureAboutApplicationOfEquityMethodNATextBlock" xlink:label="jpcrp030000-asr_E01728-000_DisclosureAboutApplicationOfEquityMethodNATextBlock" />
    <link:loc xlink:type="locator" xlink:href="jpcrp030000-asr-001_E01728-000_2018-12-31_01_2019-03-25.xsd#jpcrp030000-asr_E01728-000_JapanReportableSegmentsMember" xlink:label="jpcrp030000-asr_E01728-000_JapanReportableSegmentsMember" />
    <link:loc xlink:type="locator" xlink:href="jpcrp030000-asr-001_E01728-000_2018-12-31_01_2019-03-25.xsd#jpcrp030000-asr_E01728-000_KoreaReportableSegmentsMember" xlink:label="jpcrp030000-asr_E01728-000_KoreaReportableSegmentsMember" />
    <link:loc xlink:type="locator" xlink:href="jpcrp030000-asr-001_E01728-000_2018-12-31_01_2019-03-25.xsd#jpcrp030000-asr_E01728-000_ManagementAnalysisOfFinancialPositionOperatingResultsAndCashFlowsHeading" xlink:label="jpcrp030000-asr_E01728-000_ManagementAnalysisOfFinancialPositionOperatingResultsAndCashFlowsHeading" />
    <link:loc xlink:type="locator" xlink:href="jpcrp030000-asr-001_E01728-000_2018-12-31_01_2019-03-25.xsd#jpcrp030000-asr_E01728-000_ManagementAnalysisOfFinancialPositionOperatingResultsAndCashFlowsTextBlock" xlink:label="jpcrp030000-asr_E01728-000_ManagementAnalysisOfFinancialPositionOperatingResultsAndCashFlowsTextBlock" />
    <link:loc xlink:type="locator" xlink:href="jpcrp030000-asr-001_E01728-000_2018-12-31_01_2019-03-25.xsd#jpcrp030000-asr_E01728-000_NamesOfMajorUnconsolidatedSubsidiariesAndReasonsForExclusionFromScopeOfConsolidationNATextBlock" xlink:label="jpcrp030000-asr_E01728-000_NamesOfMajorUnconsolidatedSubsidiariesAndReasonsForExclusionFromScopeOfConsolidationNATextBlock" />
    <link:loc xlink:type="locator" xlink:href="jpcrp030000-asr-001_E01728-000_2018-12-31_01_2019-03-25.xsd#jpcrp030000-asr_E01728-000_NotesRegardingTransferToOtherAccountTextBlock" xlink:label="jpcrp030000-asr_E01728-000_NotesRegardingTransferToOtherAccountTextBlock" />
    <link:loc xlink:type="locator" xlink:href="jpcrp030000-asr-001_E01728-000_2018-12-31_01_2019-03-25.xsd#jpcrp030000-asr_E01728-000_OtherInformationAboutShareAcquisitionRightsHeading" xlink:label="jpcrp030000-asr_E01728-000_OtherInformationAboutShareAcquisitionRightsHeading" />
    <link:loc xlink:type="locator" xlink:href="jpcrp030000-asr-001_E01728-000_2018-12-31_01_2019-03-25.xsd#jpcrp030000-asr_E01728-000_OtherInformationAboutShareAcquisitionRightsTextBlock" xlink:label="jpcrp030000-asr_E01728-000_OtherInformationAboutShareAcquisitionRightsTextBlock" />
    <link:loc xlink:type="locator" xlink:href="jpcrp030000-asr-001_E01728-000_2018-12-31_01_2019-03-25.xsd#jpcrp030000-asr_E01728-000_PayrollsAndAllowancesSGA" xlink:label="jpcrp030000-asr_E01728-000_PayrollsAndAllowancesSGA" />
    <link:loc xlink:type="locator" xlink:href="jpcrp030000-asr-001_E01728-000_2018-12-31_01_2019-03-25.xsd#jpcrp030000-asr_E01728-000_ProceedsFromDisposalOfTreasurySharesResultingFromExerciseOfSubscriptionRightsToSharesFinCF" xlink:label="jpcrp030000-asr_E01728-000_ProceedsFromDisposalOfTreasurySharesResultingFromExerciseOfSubscriptionRightsToSharesFinCF" />
    <link:labelArc xlink:type="arc" xlink:from="jpcrp_cor_ShareholdingRatio" xlink:to="jpcrp_cor_ShareholdingRatio_label" xlink:arcrole="http://www.xbrl.org/2003/arcrole/concept-label" order="1" />
    <link:labelArc xlink:type="arc" xlink:from="jpcrp_cor_ShareholdingRatio" xlink:to="label_ShareholdingRatio" xlink:arcrole="http://www.xbrl.org/2003/arcrole/concept-label" use="prohibited" priority="1" order="1" />
    <link:labelArc xlink:type="arc" xlink:from="jpcrp030000-asr_E01728-000_ChinaReportableSegmentMember" xlink:to="jpcrp030000-asr_E01728-000_ChinaReportableSegmentMember_label_1" xlink:arcrole="http://www.xbrl.org/2003/arcrole/concept-label" order="1" />
    <link:labelArc xlink:type="arc" xlink:from="jpcrp030000-asr_E01728-000_ChinaReportableSegmentMember" xlink:to="jpcrp030000-asr_E01728-000_ChinaReportableSegmentMember_label" xlink:arcrole="http://www.xbrl.org/2003/arcrole/concept-label" order="1" />
    <link:labelArc xlink:type="arc" xlink:from="jpcrp030000-asr_E01728-000_DelinquentTaxNOE" xlink:to="jpcrp030000-asr_E01728-000_DelinquentTaxNOE_label_1" xlink:arcrole="http://www.xbrl.org/2003/arcrole/concept-label" order="1" />
    <link:labelArc xlink:type="arc" xlink:from="jpcrp030000-asr_E01728-000_DelinquentTaxNOE" xlink:to="jpcrp030000-asr_E01728-000_DelinquentTaxNOE_label" xlink:arcrole="http://www.xbrl.org/2003/arcrole/concept-label" order="1" />
    <link:labelArc xlink:type="arc" xlink:from="jpcrp030000-asr_E01728-000_DescriptionOfFactThatDisclosureIsOmittedDueToLackOfMaterialityNotesAssetRetirementObligationsConsolidatedFinancialStatementsTextBlock" xlink:to="jpcrp030000-asr_E01728-000_DescriptionOfFactThatDisclosureIsOmittedDueToLackOfMaterialityNotesAssetRetirementObligationsConsolidatedFinancialStatementsTextBlock_label_1" xlink:arcrole="http://www.xbrl.org/2003/arcrole/concept-label" order="1" />
    <link:labelArc xlink:type="arc" xlink:from="jpcrp030000-asr_E01728-000_DescriptionOfFactThatDisclosureIsOmittedDueToLackOfMaterialityNotesAssetRetirementObligationsConsolidatedFinancialStatementsTextBlock" xlink:to="jpcrp030000-asr_E01728-000_DescriptionOfFactThatDisclosureIsOmittedDueToLackOfMaterialityNotesAssetRetirementObligationsConsolidatedFinancialStatementsTextBlock_label" xlink:arcrole="http://www.xbrl.org/2003/arcrole/concept-label" order="1" />
    <link:labelArc xlink:type="arc" xlink:from="jpcrp030000-asr_E01728-000_DisclosureAboutApplicationOfEquityMethodNATextBlock" xlink:to="jpcrp030000-asr_E01728-000_DisclosureAboutApplicationOfEquityMethodNATextBlock_label_1" xlink:arcrole="http://www.xbrl.org/2003/arcrole/concept-label" order="1" />
    <link:labelArc xlink:type="arc" xlink:from="jpcrp030000-asr_E01728-000_DisclosureAboutApplicationOfEquityMethodNATextBlock" xlink:to="jpcrp030000-asr_E01728-000_DisclosureAboutApplicationOfEquityMethodNATextBlock_label" xlink:arcrole="http://www.xbrl.org/2003/arcrole/concept-label" order="1" />
    <link:labelArc xlink:type="arc" xlink:from="jpcrp030000-asr_E01728-000_JapanReportableSegmentsMember" xlink:to="jpcrp030000-asr_E01728-000_JapanReportableSegmentsMember_label_1" xlink:arcrole="http://www.xbrl.org/2003/arcrole/concept-label" order="1" />
    <link:labelArc xlink:type="arc" xlink:from="jpcrp030000-asr_E01728-000_JapanReportableSegmentsMember" xlink:to="jpcrp030000-asr_E01728-000_JapanReportableSegmentsMember_label" xlink:arcrole="http://www.xbrl.org/2003/arcrole/concept-label" order="1" />
    <link:labelArc xlink:type="arc" xlink:from="jpcrp030000-asr_E01728-000_KoreaReportableSegmentsMember" xlink:to="jpcrp030000-asr_E01728-000_KoreaReportableSegmentsMember_label_1" xlink:arcrole="http://www.xbrl.org/2003/arcrole/concept-label" order="1" />
    <link:labelArc xlink:type="arc" xlink:from="jpcrp030000-asr_E01728-000_KoreaReportableSegmentsMember" xlink:to="jpcrp030000-asr_E01728-000_KoreaReportableSegmentsMember_label" xlink:arcrole="http://www.xbrl.org/2003/arcrole/concept-label" order="1" />
    <link:labelArc xlink:type="arc" xlink:from="jpcrp030000-asr_E01728-000_ManagementAnalysisOfFinancialPositionOperatingResultsAndCashFlowsHeading" xlink:to="jpcrp030000-asr_E01728-000_ManagementAnalysisOfFinancialPositionOperatingResultsAndCashFlowsHeading_label_1" xlink:arcrole="http://www.xbrl.org/2003/arcrole/concept-label" order="1" />
    <link:labelArc xlink:type="arc" xlink:from="jpcrp030000-asr_E01728-000_ManagementAnalysisOfFinancialPositionOperatingResultsAndCashFlowsHeading" xlink:to="jpcrp030000-asr_E01728-000_ManagementAnalysisOfFinancialPositionOperatingResultsAndCashFlowsHeading_label" xlink:arcrole="http://www.xbrl.org/2003/arcrole/concept-label" order="1" />
    <link:labelArc xlink:type="arc" xlink:from="jpcrp030000-asr_E01728-000_ManagementAnalysisOfFinancialPositionOperatingResultsAndCashFlowsTextBlock" xlink:to="jpcrp030000-asr_E01728-000_ManagementAnalysisOfFinancialPositionOperatingResultsAndCashFlowsTextBlock_label_1" xlink:arcrole="http://www.xbrl.org/2003/arcrole/concept-label" order="1" />
    <link:labelArc xlink:type="arc" xlink:from="jpcrp030000-asr_E01728-000_ManagementAnalysisOfFinancialPositionOperatingResultsAndCashFlowsTextBlock" xlink:to="jpcrp030000-asr_E01728-000_ManagementAnalysisOfFinancialPositionOperatingResultsAndCashFlowsTextBlock_label" xlink:arcrole="http://www.xbrl.org/2003/arcrole/concept-label" order="1" />
    <link:labelArc xlink:type="arc" xlink:from="jpcrp030000-asr_E01728-000_NamesOfMajorUnconsolidatedSubsidiariesAndReasonsForExclusionFromScopeOfConsolidationNATextBlock" xlink:to="jpcrp030000-asr_E01728-000_NamesOfMajorUnconsolidatedSubsidiariesAndReasonsForExclusionFromScopeOfConsolidationNATextBlock_label_1" xlink:arcrole="http://www.xbrl.org/2003/arcrole/concept-label" order="1" />
    <link:labelArc xlink:type="arc" xlink:from="jpcrp030000-asr_E01728-000_NamesOfMajorUnconsolidatedSubsidiariesAndReasonsForExclusionFromScopeOfConsolidationNATextBlock" xlink:to="jpcrp030000-asr_E01728-000_NamesOfMajorUnconsolidatedSubsidiariesAndReasonsForExclusionFromScopeOfConsolidationNATextBlock_label" xlink:arcrole="http://www.xbrl.org/2003/arcrole/concept-label" order="1" />
    <link:labelArc xlink:type="arc" xlink:from="jpcrp030000-asr_E01728-000_NotesRegardingTransferToOtherAccountTextBlock" xlink:to="jpcrp030000-asr_E01728-000_NotesRegardingTransferToOtherAccountTextBlock_label_1" xlink:arcrole="http://www.xbrl.org/2003/arcrole/concept-label" order="1" />
    <link:labelArc xlink:type="arc" xlink:from="jpcrp030000-asr_E01728-000_NotesRegardingTransferToOtherAccountTextBlock" xlink:to="jpcrp030000-asr_E01728-000_NotesRegardingTransferToOtherAccountTextBlock_label" xlink:arcrole="http://www.xbrl.org/2003/arcrole/concept-label" order="1" />
    <link:labelArc xlink:type="arc" xlink:from="jpcrp030000-asr_E01728-000_OtherInformationAboutShareAcquisitionRightsHeading" xlink:to="jpcrp030000-asr_E01728-000_OtherInformationAboutShareAcquisitionRightsHeading_label_1" xlink:arcrole="http://www.xbrl.org/2003/arcrole/concept-label" order="1" />
    <link:labelArc xlink:type="arc" xlink:from="jpcrp030000-asr_E01728-000_OtherInformationAboutShareAcquisitionRightsHeading" xlink:to="jpcrp030000-asr_E01728-000_OtherInformationAboutShareAcquisitionRightsHeading_label" xlink:arcrole="http://www.xbrl.org/2003/arcrole/concept-label" order="1" />
    <link:labelArc xlink:type="arc" xlink:from="jpcrp030000-asr_E01728-000_OtherInformationAboutShareAcquisitionRightsTextBlock" xlink:to="jpcrp030000-asr_E01728-000_OtherInformationAboutShareAcquisitionRightsTextBlock_label_1" xlink:arcrole="http://www.xbrl.org/2003/arcrole/concept-label" order="1" />
    <link:labelArc xlink:type="arc" xlink:from="jpcrp030000-asr_E01728-000_OtherInformationAboutShareAcquisitionRightsTextBlock" xlink:to="jpcrp030000-asr_E01728-000_OtherInformationAboutShareAcquisitionRightsTextBlock_label" xlink:arcrole="http://www.xbrl.org/2003/arcrole/concept-label" order="1" />
    <link:labelArc xlink:type="arc" xlink:from="jpcrp030000-asr_E01728-000_PayrollsAndAllowancesSGA" xlink:to="jpcrp030000-asr_E01728-000_PayrollsAndAllowancesSGA_label_1" xlink:arcrole="http://www.xbrl.org/2003/arcrole/concept-label" order="1" />
    <link:labelArc xlink:type="arc" xlink:from="jpcrp030000-asr_E01728-000_PayrollsAndAllowancesSGA" xlink:to="jpcrp030000-asr_E01728-000_PayrollsAndAllowancesSGA_label" xlink:arcrole="http://www.xbrl.org/2003/arcrole/concept-label" order="1" />
    <link:labelArc xlink:type="arc" xlink:from="jpcrp030000-asr_E01728-000_ProceedsFromDisposalOfTreasurySharesResultingFromExerciseOfSubscriptionRightsToSharesFinCF" xlink:to="jpcrp030000-asr_E01728-000_ProceedsFromDisposalOfTreasurySharesResultingFromExerciseOfSubscriptionRightsToSharesFinCF_label_1" xlink:arcrole="http://www.xbrl.org/2003/arcrole/concept-label" order="1" />
    <link:labelArc xlink:type="arc" xlink:from="jpcrp030000-asr_E01728-000_ProceedsFromDisposalOfTreasurySharesResultingFromExerciseOfSubscriptionRightsToSharesFinCF" xlink:to="jpcrp030000-asr_E01728-000_ProceedsFromDisposalOfTreasurySharesResultingFromExerciseOfSubscriptionRightsToSharesFinCF_label" xlink:arcrole="http://www.xbrl.org/2003/arcrole/concept-label" order="1" />
  </link:labelLink>
</link:linkbase>